-- phpMyAdmin SQL Dump
-- version 5.2.0
-- https://www.phpmyadmin.net/
--
-- Host: 127.0.0.1:3306
-- Generation Time: May 22, 2023 at 08:11 AM
-- Server version: 8.0.31
-- PHP Version: 8.0.26

SET SQL_MODE = "NO_AUTO_VALUE_ON_ZERO";
START TRANSACTION;
SET time_zone = "+00:00";


/*!40101 SET @OLD_CHARACTER_SET_CLIENT=@@CHARACTER_SET_CLIENT */;
/*!40101 SET @OLD_CHARACTER_SET_RESULTS=@@CHARACTER_SET_RESULTS */;
/*!40101 SET @OLD_COLLATION_CONNECTION=@@COLLATION_CONNECTION */;
/*!40101 SET NAMES utf8mb4 */;

--
-- Database: `kon_quiz`
--

-- --------------------------------------------------------

--
-- Table structure for table `admin`
--

DROP TABLE IF EXISTS `admin`;
CREATE TABLE IF NOT EXISTS `admin` (
  `ID` int NOT NULL AUTO_INCREMENT,
  `Username` text NOT NULL,
  `Password` text NOT NULL,
  PRIMARY KEY (`ID`)
) ENGINE=MyISAM AUTO_INCREMENT=2 DEFAULT CHARSET=utf8mb4 COLLATE=utf8mb4_0900_ai_ci;

--
-- Dumping data for table `admin`
--

INSERT INTO `admin` (`ID`, `Username`, `Password`) VALUES
(1, 'admin', '123');

-- --------------------------------------------------------

--
-- Table structure for table `all_session`
--

DROP TABLE IF EXISTS `all_session`;
CREATE TABLE IF NOT EXISTS `all_session` (
  `User_ID` int NOT NULL,
  `qz_ID` int NOT NULL,
  `Total_question` int NOT NULL,
  `Correct_question` int NOT NULL,
  `Time_used` varchar(50) NOT NULL,
  `All_session_ID` int NOT NULL AUTO_INCREMENT,
  `Date` varchar(50) NOT NULL,
  PRIMARY KEY (`All_session_ID`)
) ENGINE=MyISAM AUTO_INCREMENT=37 DEFAULT CHARSET=utf8mb4 COLLATE=utf8mb4_0900_ai_ci;

--
-- Dumping data for table `all_session`
--

INSERT INTO `all_session` (`User_ID`, `qz_ID`, `Total_question`, `Correct_question`, `Time_used`, `All_session_ID`, `Date`) VALUES
(1, 5, 5, 2, '0:01', 32, '07-05-2023'),
(16, 5, 5, 3, '0:03', 31, '07-05-2023'),
(0, 5, 5, 2, '0:01', 33, '07-05-2023'),
(1, 15, 5, 2, '0:01', 28, '01-05-2023'),
(1, 15, 5, 3, '0:01', 34, '07-05-2023'),
(1, 15, 5, 1, '0:01', 35, '07-05-2023'),
(1, 15, 5, 1, '0:03', 36, '2023-05-18');

-- --------------------------------------------------------

--
-- Table structure for table `category`
--

DROP TABLE IF EXISTS `category`;
CREATE TABLE IF NOT EXISTS `category` (
  `ID` int NOT NULL AUTO_INCREMENT,
  `Category` text NOT NULL,
  PRIMARY KEY (`ID`)
) ENGINE=MyISAM AUTO_INCREMENT=7 DEFAULT CHARSET=utf8mb4 COLLATE=utf8mb4_0900_ai_ci;

--
-- Dumping data for table `category`
--

INSERT INTO `category` (`ID`, `Category`) VALUES
(2, 'Bahasa Melayu'),
(3, 'English'),
(4, 'Maths'),
(5, 'Physics'),
(1, 'Others');

-- --------------------------------------------------------

--
-- Table structure for table `quiz`
--

DROP TABLE IF EXISTS `quiz`;
CREATE TABLE IF NOT EXISTS `quiz` (
  `qz_ID` int NOT NULL AUTO_INCREMENT,
  `Title` varchar(150) NOT NULL,
  `Description` text CHARACTER SET utf8mb4 COLLATE utf8mb4_0900_ai_ci NOT NULL,
  `User_ID` int NOT NULL,
  `Room_ID` varchar(6) CHARACTER SET utf8mb4 COLLATE utf8mb4_0900_ai_ci DEFAULT NULL,
  `Category_ID` int NOT NULL,
  PRIMARY KEY (`qz_ID`)
) ENGINE=MyISAM AUTO_INCREMENT=22 DEFAULT CHARSET=utf8mb4 COLLATE=utf8mb4_0900_ai_ci;

--
-- Dumping data for table `quiz`
--

INSERT INTO `quiz` (`qz_ID`, `Title`, `Description`, `User_ID`, `Room_ID`, `Category_ID`) VALUES
(15, 'Common Knowledge', 'This test is to show how well is your common sense is', 1, '762360', 3),
(11, 'Session id 2', 'session id echo test 2', 1, '', 2),
(10, 'Session id', 'session id echo test', 1, '', 0),
(12, '123', '123123', 1, '', 2),
(17, 'aaa', 'aaaaaaaaaaaaaaaaaaaaaaaaaaaaaaaaaaaaaaaaaaaaaaaa', 1, '', 0),
(19, '123123', '123123', 1, '', 1),
(21, 'test', 'test', 1, NULL, 0);

-- --------------------------------------------------------

--
-- Table structure for table `quiz_ques`
--

DROP TABLE IF EXISTS `quiz_ques`;
CREATE TABLE IF NOT EXISTS `quiz_ques` (
  `ID` int NOT NULL AUTO_INCREMENT,
  `ques` varchar(255) NOT NULL,
  `opt1` varchar(255) NOT NULL,
  `opt2` varchar(255) NOT NULL,
  `opt3` varchar(255) NOT NULL,
  `opt4` varchar(255) NOT NULL,
  `correct_opt` varchar(100) NOT NULL,
  `qz_ID` int NOT NULL,
  PRIMARY KEY (`ID`)
) ENGINE=MyISAM AUTO_INCREMENT=62 DEFAULT CHARSET=utf8mb4 COLLATE=utf8mb4_0900_ai_ci;

--
-- Dumping data for table `quiz_ques`
--

INSERT INTO `quiz_ques` (`ID`, `ques`, `opt1`, `opt2`, `opt3`, `opt4`, `correct_opt`, `qz_ID`) VALUES
(1, 'asd', 'asd', 'asd', 'asd', 'asd', 'opt4', 2),
(2, 'Question 2, this is to test the ability to code and interview and what', 'the answer is incorrect', 'b', 'c', 'All of above', 'opt4', 11),
(3, 'test', '123', '123', '123', '123', '', 11),
(56, 'In which year did the first iPhone release??', '2005', '2006', '2007', '2008', 'opt3', 15),
(7, '222', '222', '', '', '', 'opt1', 11),
(8, '123', '123', '123', '123', '123', 'opt2', 10),
(9, '', '', '', '', '', '', 10),
(10, '', '', '', '', '', '', 10),
(11, '222', '', '', '', '', '', 10),
(12, '222', '', '', '', '', '', 10),
(13, '123123', '', '', '', '', '', 10),
(14, '222', '', '', '', '', '', 10),
(15, '123123', '', '', '', '', '', 10),
(61, 'Who wrote the novel \"To Kill a Mockingbird\"?', 'J.K. Rowling', 'Ernest Hemingway', 'Harper Lee', 'John Steinbeck', 'opt3', 15),
(60, 'What is the highest mountain in the world?', 'Mount Everest', 'Mount Kilimanjaro', 'Mount McKinley', 'Mount Fuji', 'opt1', 15),
(59, 'What is the smallest country in the world by land area?', 'Monaco', 'Liechtenstein', 'Vatican City', 'San Marino', 'opt3', 15),
(58, 'Who painted the Mona Lisa?', 'Michelangelo', 'Leonardo da Vinci', 'Vincent van Gogh', 'Pablo Picasso', 'opt2', 15),
(48, '', '', '', '', '', 'opt1', 12),
(49, '123', '', '', '', '', 'opt1', 12);

-- --------------------------------------------------------

--
-- Table structure for table `session`
--

DROP TABLE IF EXISTS `session`;
CREATE TABLE IF NOT EXISTS `session` (
  `User_ID` int NOT NULL,
  `qz_ID` int NOT NULL,
  `Total_question` int NOT NULL,
  `Correct_question` int NOT NULL,
  `Time_used` varchar(50) NOT NULL,
  `Session_ID` int NOT NULL AUTO_INCREMENT,
  `Date` varchar(50) NOT NULL,
  PRIMARY KEY (`Session_ID`)
) ENGINE=MyISAM AUTO_INCREMENT=60 DEFAULT CHARSET=utf8mb4 COLLATE=utf8mb4_0900_ai_ci;

--
-- Dumping data for table `session`
--

INSERT INTO `session` (`User_ID`, `qz_ID`, `Total_question`, `Correct_question`, `Time_used`, `Session_ID`, `Date`) VALUES
(1, 5, 5, 3, '0:06', 25, '2023-05-06'),
(1, 5, 5, 2, '0:01', 26, '06-05-2023'),
(1, 5, 5, 3, '0:01', 27, '06-05-2023'),
(1, 5, 5, 2, '0:01', 28, '06-05-2023'),
(1, 5, 5, 0, '0:01', 29, '06-05-2023'),
(1, 12, 5, 3, '0:01', 30, '06-05-2023'),
(1, 15, 5, 1, '0:01', 31, '06-05-2023'),
(1, 15, 5, 1, '0:01', 32, '06-05-2023'),
(1, 15, 5, 1, '0:01', 33, '06-05-2023'),
(1, 15, 5, 1, '0:01', 34, '06-05-2023'),
(1, 15, 5, 1, '0:01', 35, '06-05-2023'),
(1, 15, 5, 1, '0:01', 36, '06-05-2023'),
(1, 15, 5, 1, '0:01', 37, '06-05-2023'),
(1, 15, 5, 1, '0:01', 38, '06-05-2023'),
(1, 15, 5, 1, '0:01', 39, '06-05-2023'),
(1, 15, 5, 1, '0:01', 40, '07-05-2023'),
(1, 15, 5, 1, '0:00', 41, '07-05-2023'),
(1, 15, 5, 1, '0:00', 42, '07-05-2023'),
(1, 15, 5, 1, '0:00', 43, '07-05-2023'),
(1, 15, 5, 1, '0:00', 44, '07-05-2023'),
(1, 15, 5, 1, '0:00', 45, '07-05-2023'),
(1, 15, 5, 1, '0:00', 46, '07-05-2023'),
(1, 15, 5, 1, '0:00', 47, '07-05-2023'),
(1, 15, 5, 1, '0:00', 48, '07-05-2023'),
(1, 15, 5, 1, '0:01', 49, '07-05-2023'),
(1, 15, 5, 1, '0:01', 50, '07-05-2023'),
(1, 15, 5, 1, '0:01', 51, '07-05-2023'),
(1, 15, 5, 1, '0:01', 52, '07-05-2023'),
(1, 15, 5, 1, '0:01', 53, '07-05-2023'),
(1, 15, 5, 1, '0:01', 54, '07-05-2023'),
(1, 15, 5, 1, '0:01', 55, '07-05-2023'),
(1, 15, 5, 1, '0:01', 56, '07-05-2023'),
(1, 15, 5, 1, '0:01', 57, '07-05-2023'),
(1, 15, 5, 3, '0:01', 58, '07-05-2023'),
(1, 15, 5, 1, '0:01', 59, '07-05-2023');

-- --------------------------------------------------------

--
-- Table structure for table `user`
--

DROP TABLE IF EXISTS `user`;
CREATE TABLE IF NOT EXISTS `user` (
  `ID` int NOT NULL AUTO_INCREMENT,
  `Username` varchar(255) NOT NULL,
  `Email` varchar(255) NOT NULL,
  `Password` varchar(255) NOT NULL,
  `DOB` date NOT NULL,
  `Tel` varchar(50) NOT NULL,
  `Gender` varchar(50) NOT NULL,
  `Profile_pic` blob,
  PRIMARY KEY (`ID`)
) ENGINE=MyISAM AUTO_INCREMENT=31 DEFAULT CHARSET=utf8mb4 COLLATE=utf8mb4_0900_ai_ci;

--
-- Dumping data for table `user`
--

INSERT INTO `user` (`ID`, `Username`, `Email`, `Password`, `DOB`, `Tel`, `Gender`, `Profile_pic`) VALUES
(1, 'zz', 'OZZ123@mail.com', '123', '2002-12-12', '123123123123', 'Male', 0xffd8ffe000104a46494600010101009600960000ffdb00430002020202020102020202020202030306040303030307050504060807080808070808090a0d0b09090c0a08080b0f0b0c0d0e0e0e0e090b10110f0e110d0e0e0effdb004301020202030303060404060e0908090e0e0e0e0e0e0e0e0e0e0e0e0e0e0e0e0e0e0e0e0e0e0e0e0e0e0e0e0e0e0e0e0e0e0e0e0e0e0e0e0e0e0e0e0e0e0e0e0e0effc200110800ee00e203012200021101031101ffc4001d000001040301010000000000000000000007030405060001020809ffc4001b01000203010101000000000000000000000304010205000607ffda000c030100021003100000013ebe68efc0efaea26b1a1c386db88729e939e73db47178cda6e3bb853aae16b65d694bc6baebbaf2692dab775d24b16bc6d4e2bd114cb8d1b3f4eb77ca05fc06286218ee28d1768fd6631df2ecdddf2aad108298e2d0922fa9848b8a9e5a1ab71e8e1fabdb1cda35e61c7d9f3ce71b5ef682347be67ca4af59d29f6b776a41d56dd4fccd3a85c212c683248c5b1ec4153d8d93965c3c6ae4d4e954faaf38debb9875e0cf72788748522f78af345b15a06f621316c788a802002f478520d56f49004f7394a75c73155bae326b1b55b5d2b2f4de375d345b276759a3842c7b1d20269db86aecb4e9547bb729d7191de7e15fa2829ae0c76383ba9ad6b928c7391b526a42b991bce5927787055195c1acbb06fa459c973ae3abc32a75be9b9fa39c289e7b851cd66ce08adfc74b28ca8e385ed1d288f732aef4b7431f9b3e8f056e2a31f777cf7f78e7fa3bd46c851f2b46cce9ff00050e2f2b5a888295e2f8da4424fae4f85c2a9f516da0fb56e61cc8f23953330351dc8c44904ee9568bc73bd25bb73af309ec46e8414421f7a51ebd4aa17196f37eb24a16724ab61fd86ce8368640db2aa32c09928b626d2276f5db189be9bbcb46b37bee474a700bf78b60a064f193909d47cd5d4caaab75fb95da881455d28888c3eb31fcdcde3d0f0ff40b949d3eea28529d61a916b71d85dcb6b906e431b8f54b9aef1bc0d2e92f68ef5ac9847ae74b916ce72903b70c5daacace1ab8bf39728088e22a2b5c286ee758a8d7ca66a262ff003e7aefc69e67d61608de7a32e569d84424773d14356ef5c3da355750ce21e9e4864532e1a0b26a8efbd673d09efb6e1bbac432923976d1d28c38497a6b6161e817cbfa5caa55ef8e4a2eebb638dbf23e6a37c750be362ed72ffe5fd7c9d3dc8780cdea37cec49d6ce211b067e86956ca2c37d4b5b09cedb29e7f45ceb9e6614e53d8ece739c1c0c9cc73f45aad9bc5c67f5394d95598bcb48f6ddd5aba8c94e3ba06916046644f256f85c7d4a5870cc29cfdc041f83de96d253af4c09cbc6cd5e56b93fa39a3d9a8b7f8ef77cabca27473361b3ecde70c46e5bf2a357cbc43c9fb3c373da5dda91694e45deb2bc0adb56e5ca756e5fa28f6c79c5b83234f488d94d1179caa6580dd81129a446d55a458d6f85740dc4d4465f4125c7786e26e52ee967d9ce08624751f34166f73d5db17b0c4efbe72d1d75aceeef38d4728d2087d162dc78a2eb5b3418d6ebb06757ef2c151774d310c4999cd87a4dd14247e5a80f6df938b4a41947126cd3d8fc56ed58f47d8a60860e7adb7272e49b171e972dd76c857492f8e40a1545df5087028fc4d3d8d7b68bde1c8493ba563a5a1b82c27cc8d5bb885e97f2afa791d3675a9d6ed66db81a7187559f3a4a024d9a6a40fb6be5d7d0d4c246c5312a05a42833ccf1b44403802cdde028e924e3e8584b39c95fbdce8a8a2999c6b3369ca790c505118a3d48f1965ebf6b1d5873deb6f39fa314d34e9d7a6cd66d9e3eb166cc7be7e1c355fda406fe840a59c5def5cde652de6697bcd598b792d238d7d9b0e2a85b7bc514689c8cc8f24676f8508d1fdd660761bc393d330c6ef6e89dc8809ceb45af5bcfc183e666bb195e95732c74406334b1428373ef978d7712bde88330e0d30d99fffc4002e1000010401030205040203010100000000040102030500061121121310141531410722233216422024343533ffda00080101000105026aec88899ecdf75df94ce171173ab6cea5ceae539cdb3e711785722622b553e7c133e77c3bfe17cbdb907b1b19c58d51a76f8d44f0e73fb7b7827eac45c77dadf84f7db36c2ae69c0921960243d9c99d1cb938f0df9f9cdb83bff34863a5001aa984b967fd7cee9caefca2f08e5ea6f2de9cf94ce9e1bedfd57646dbde4d3583071a36a40b09276bdd515f6c15f6ad309a7b67583fe5db26719f0aabd2bce1cdff00411bf8e9673cd198d4f3bc6f1aaaaa7b35bf7b76c4cfea8a989b622736f795d4cb36ba9a5c7daea5d41723740c124fd6ff00c08e22210a1c2ad88296fcfb5afb8d3b7c97d51ce2efb74f1b73cec6ff00e6be26cf17a2d4a2b17fdae3767ba70d4e1db63711774db7c445d9bcb87927b3b7f4d1f16408477aad3389489b30ed01cf94a70d535dfc8ae48c6cc35d5154c7207aff00e57dd39f137fe0e94db6e59ffdf8dd9ec8bf6262719f0ddb3e138c791104151bfcd8524cf6e3ab2ac7c1a865ba8a1d1318f1c74d730c2dd3c8fb58866c39384196da2af960d6aedbaf39cf8c2f75ace95ebfea9c4df29faa273bf1e28bb63775cd73dc3ad6a6290413a55f908ecb0bb4dda88e6f4376eafeed6a2bd7dd5ae8d1af6cc366fcfc619ff9dd5b397d93ff00b7cb55531176c6e2391337e7ab7c6f089efabeb27374dfa955f923754c1343562c4354aa6227dad91bdb63fae3495989d4f7363e6a577d3d9f39bf06735bf7773abef577e5f96f56e88aec44dbc3d933e13dcc363aba6b9fbebe9d5afb30bec198e458cdb2afad862bea99b10b1887a79aee3bb63466facd809a5a4b502d3e3e57844fd5cc6c8d51474cf2836795191d8c6f2989b7826273e0d45766aab74b7383821ba33b2457dd5312d2291ae54732b1a7dbc201518aac2a0c7cc90cfe6dd2ce7f90023a91d081d7c374dd3df3db39db7f08f13db1338e96efd488e74da8f590a51af3561afd2a0c0069b22baaade01879282e1d1ba586565bb659e6b006b83b7b19ab66eb9ab67ef3b5201476a3ea1a7293b8e5d95179f7c46a22aaecbd4bb75622ef9ce3177c4e537e1bfbefced9640c76605fce3e96ad8969e2c82a3cbd2366e84b681af0627fe2e87f6fce2352429ee88495926183941da36224ac89891de2a6226c888bba66c9be6db62f2b91ec8d55e3b89bb51171311336c74714f01d08904440431358704d76a17f5f722562b22dbb7d1be6a1d9285e40e3d7156227a4d4bfb2388f8e4d4526ce44f6e3137db17db7db36f06febe08b89fb379f09c8181ad83d4ef34e064b0d00c71256a294d7365aa97bc3f28d7493ee73d95809f753344b82e71b5356d879e34295135aff007e7c3fb6f9ba7f82226cbfaa72c6ec8ddd15530bb2afae592a22b9b0db78a17c8c8cc8228acaf8c4825a1fc756fe606fdb19d099a82f3d358b240275981028cd615f3f7beb42a63bf64df7df3e73e3c13d9384eadf11a8b9f6a324be3ee08a7d22251e54452c5a738c85ea2eadb1acedcbad445866d3e5b9c377dad95b177992a24b29d09125369da77015b606793a7d0e121448960653ea054ff0db7c46ec8bc2f731385fead4c24b82bab43acb3d545c7142057772f0bcf645d9c870ce34308b69a0fd46acde9a991c9007323632ddd717acf91c235ad6cb1c5aa492c52e058eb347c691cd6b5625bd5514f60218a989c786ff0076f9eeec6f39fd5bbab84113546a2f67262ab5ad47239538ceb486c8c85d5d7ba9d914fa4eaeb9ac1621bf0cb04b129f31ce4320223974d8a8d865623ccd3c2b2016476cb795aa756c7224e227be2f19f29edba627ebfd6d9f34d81890035b233b91c7223d9efe0bed38cd9c100a7163162c82835804a469a8f6514de9588f5ddc62776da9c756d53025248af62c62ceeda5df12541b5267ce3b6546b765e9c45c665140c2b542784ac735f1bdb2449e36b5d3cc7216cb4a7a562347b56cc0d939f010259b1cc8aba17137ad1fb1a4aba1644f03a9d57d5e66ff0035045236aa27b27177c5cf94fdb8c455eb7cfd812987f29a6be3c081deb911f1ba6cf94f7b9ae43451cd2476d877ad69a40279203daf921a013aedada2db45c02b8fbe3c99a49c316106b3c2a592016ff2bee9be71d58dc21bd60ee9ea3b7f81428e60c403a8805f52d4ec162d4d279a93505424715d50ba36be81f3d923aa0cbe962321d3708ec9ac9e39e78844e9671c638014448e432cb50d3542aebd1652ac759d3ca58f3406d76cbe1ca66fc37f66b5cb7116cb6c9ede1bf8fb66eb8fd9e8c46e16e1a116360c21858831149a5aca03acebf58d5c9675ce1e9473e96d6c4eaf02a6c6d24d1c34135a556ac08c967b25ad08c6036026b9b0165f844fbfe18ec0befd4403d1e127f87cef9be196f560a15aeb4d8ab1eb782423bf10c211aeaa86c36c663f43402577747ef4ab446c5718c04741ac8595a6c44c0757c4bba305f4ad5d630c930fb3ae74cd11dea9a19bce27eaceac64fd8c819da1537f0df15d961a9ea2b883b56592b2c8f7d84439ae592cace32e31ef4db733d2e396d497ff0020d5e494c2087c8e74f644bc6fa65a0993438d93ee91fd9bcd3d0fa7488ae4975db250a11276595657ed0c5f4fb539635ef3d69b74b3d865ef6af6af1be7561bac2b2090ab9b13f2717b667af3869c8b38bb2ca226c30516320580e1e00fbdd98f4ea28ff4fa16a34393a5afb5573a4d0e63ced60cdfba77e4aeb07f63eabff7b2022b7d39a50c5acbb85dfef8e34b35ee9eb6f5bd169fac7ccba71ac941f8b5d695a09669f696e9e6621449a59a7677118d807b1bd56095553143d56f7f395e7e68b7ebbc258257c6918d5d1fb0fd6e716e7aeaff00a5e92c36b1ff00d06c7dfaab69debf471513157f2eaa81d55f5318f8e4b68771feaf69121e0ebe4fd2d8ef4ed2edb80b4fe91b2bbb3bdc8c982b469ac1caad237694676e56530ec9642dc5e1967d55d1b3d2349c1d298e6f40d3c2e375fce52ad9c2e722c2d676ed484fe33a6a24135a357f2af4ac9423436df44f4d94d3fe9fbb8cd7d5c939b4cd57511114717d44388946859d52416432920d4974d6549044f8918d9633df142e30fb0edb076a5241f9170f93b34954179cbceecb35a2c9db195e8e8bd3a587543c8ee4f04b2214f91d18ebd6a354caefe611bbf23dcd49347be24d19430ad710e771aca36c9a1a2746db82e2964bb3e28ff86d36a627f87fa2118769120a34cd2b6265bb347da35c7695b9575768f32bc54d2961190ed2d6af20bd2963ebe051598ba361d2f64b0ff1c25c311a7cef2aca237b72d293db8aa0d4252ac94825aa257555456cdfcb5a2b9ae70e88dd3503a0a92dbe5fea63e1e2f0647e8a1e574807dcc88a6a374f543a3fe27fffc4002711000201030304030100030000000000000102000304111012210522314113205132233342ffda0008010301013f016d3131310c2d073a661d2d7fd728e761ccc6999ba1337469e230cf88c00f114e619996a7fc72964260e87533fe842798b6559c64089d3ab1f3c46e9407868d4d91886d6d3f883c684fd14774e9f416ab6ef4215cc653009d49070dada7f1a9fa549d0eae69b298f91e20c1f717265eecf8a0d371f466f7fdd0eb50996b514575dd1502b069560a677e60c6eda65c515148cf50fd31abe312a377e44b3dc68296fc950e601b7963372f932b95348b0d0fd9ea05956beee21f32c7a887b7d9ec44c100cda1db986a5303c4bc3b4188f9875c1d2abec11989f3310896cc45412d6aa95e63b055e27cddd8c4be7ed311f6983c4c4c69897353734ccce8a70d2daefe3a983e23b0c404024cbda99d28b6441a730f023727502159ee5a57718597754ff32a1cb40a4c40e9cc5d6bf0a7e988aa61569469b07c88d6e5db2c651a080644a38676461e23e51b063531ea03c69727b345a649896440ee8a96e0710b315c011697396f313f63671282a9a3c4b81f1dcab7ecae9b938949b708ba5cbf3b653b5f6d11557f98c7d098039314f19319f10c6fd960bb68ceadc0432836605db50c2bd937095955a527ca7337fa10385e20aa18c35442c0cdf0b8c4b5aaa28f33aad40d484b2a80d35973b77e63789db3ffc4002a11000201040103040201050000000000000001020304112112133141051032511422612333425271ffda0008010201013f01a71d25ed9396c5dc8e594e2df631efe4c15ffb85cb8735c4e6451c471cb22b22849f629d9cf1fb688431d8c47fc9649d2537844938cb06f244baf9970e2e7989d46536646c48b5f8c99179ee4ee68c35c895f53fb17aa2ff005c15e6a589213f6bac732a44e99011e0c14dbe9248bda93a50fe5888fb507ac1dbdaefe638ecd115a10e5ed634f847933d763f192ec51e2fe43c781945bed8d18d91ee611fafd1b22f460d9691872df72f62ddbbe22ab2f83ec529609544e38e2448d594a6b22ee25ecd68e045fbc5bce8b6a5c682522ee9aeac944c71296dac1f8d2c8a1253c0848f036605ed4284eabd16d611a5fb7923f12e2c1c2e797865c527cd94e7d3795dc8ce5c7392d973dbff0085c5195378644635b391b2d683ad3c10828ae28ceb046582e61171c979f22da8737863b3a70864b78e5a2ad15561c58d61e0637b328c96143a74d1822b43249f1d17968ea4538f72d9625865d4f4a25941e323ec5ed3e32cfd8cf2662417292441617b6892641b42c60af462ff006f25bd2529b93f0470a24aac53d9538d54e23d68f072459acd5899dfb781c90e5b3a8bbe49548b8e0759534d22b5c546cabca118cd3ee52a9c90e1192d93589619a3d352eb26264aba4b23be8c9e223fc8c9c60a5964aa78813ef8fa23b68b96d55653fded64be8a1538c964ab1e2f07a853c3e4bdbd369622e656bcc6a3b654ea4fe45386165919ca7a5a44daf05149b3f921dcbd966a9e99b72438b8c9a39a9d18b2e23cf5f68e122c6ad4a7a68b8a4d4de08506bf690e3291d39461a3a7b21168e968a745a2ea9bea1e9abfaa5ec38d7916b974f034f43847e8ffc400481000010203040606080306040505000000010203000411051221311013224151611432718191a10623425262b1c1d120337215244353e1f08292c2d230344463a27383b2e2f1ffda0008010100063f02e274718a1c0c67158e519e818c520e31ba2b98d15c318a28d2010411a069319c6186d88976ee15b8e92134e492718f552f2935361d2148d66ae88ae66a06ee0338695bf58079e8c48119c08cabcf467a32a4639560471274a913b68cacb2d27692a5757b78421f9679b98615d571b55e49ef11ecd3488c29030d1945607eb1587da4a4acad17681cb9e7ba3a6acca29c7014b84a94a52067449a019d3743231fcc1f3d15d02b141a0d29a29842b7c14d0c56b049a506661cb32c870361b55d9d9dcee1fe5a3e2e2774252927543215ccf3e30e4d594f9b2a78e216c7517fad192a1b907ac8b252f2c7aa74a9571ce631f28be6d5b25037b2890a8f12626656610db73d2e12a5dcea389564a15ec2291ba2a4c574103c747f884102b7f8d2b132e4eb7309521f5b42f8404ecaa9804e23bc98678df1ba338c8d3768bd5063768ac52b8c6e31f486d134a71c997055b9665379c238f21ccc3c2ceb2e5d9bbedcdbc546bfa53f7832ae5a0a4b4d10a574645c698ff72b8039670db4d84a1b48a5d3f3ed828514a71c8e55ec8d85134ccd49ac7469f65a9c4d6f0be9f9708f54b9873702b72b870c62c99eb22652c3d8b4b5117b583ac12ae59c2f58c741b4a5d5726e58fb2788f84c65f839457e211ab5df03e070a0f8884382cf97d6a577c28d490aceb0dd7df1f38ca06319d6915ac670708ce32d1df16b5a6e50cc4ccdad2b055d56d26894882b982a35eb00e9f94068bc25cddbc96c0a61d9040b4e552ee575448f3308719d5b8de751b4210e12ab83114872d09a584369180a62e2b704f38bef4c7ec860ab65ae845448e6686b12cd2e65b979a69e0ad6b0dd6bbb119a6a38c58ca2e078cc36ecbadda0056909be2b4e047e0c347f8868cb08493b943e719c6fac0c738a8d15ce3876c0d0ecd4d3a96659a17dc5ab24889d9b61250c393af29b4834a026bf51010ddd2f3a9a252a26891bcaa1c9d9bbcecdf5dd75c563f6844e809b265947d59a5e7563e498acace4cb6eff0035b596cf9451bf496d402992c21cf98844ecfcccdda7348c1a53ea012d7e948c018c41c32a670ae952edb95c94502f27b0c49b6fcc871a9461e53055d676fd078a469dfa2b06869b42364686ff0050d24c71d394602328b22c45bcb66cf750b987d28c35c504008f3ac4fb77756cebef363e1a53fd306f2aede3c2a2b09be9bf2128bdd938f76f04e1dfd91bcd0e158031303abfe68a13876c577404d2a46e8e908a079a37d1ddba1b753d45a4293df148c6ba2906941888c878c70109c3788cce9ce318de639c7d34353f2282e4fd9ebd73681fc44528b4787ca36a7e5196ea082a5814c042aceb19a5b97b0726d29a507c1bfbe196996f548ba366b0282bdb0aaab6938c62e335de3ad1eaee387fed2b1f08aa9c2956f496cd63aa427d8c6855ccf2814ae5c290d0249d5a948f0518c0463a48c3311ca9a13bb686837a948dc6056b8e935818452b13568be4a59976ef9e7cbbf289c538da1134b4f489a76e8aad4b5609af8f8434c902edfbc55ca13777e7182493d90153efa25c1dca801879d781cb56caa9175b04b9b8b8d947fe59c04a9cb411ff00b6873ff28538e978fbd7cd54ae509d42d9b29ade15b4efd843d65da8b4cd36ea75cd3e914a1f74e9dfa2e389bc384628f38fca04f6c575288df06b8c61a38c0c34d0670dc9c8ad4bb3259cf58b193eeeeed4a62d8766df426587ab6cad77537a9753e0079c169e45c7506877f78865754d70af28a78c3d3ceb0a7e8ba36851d98484be89634c9b67281d24226107db4c4b150f56e1bb7b703ba152f7425f4ac83be9963e04181d267268cc6186b2871cb0ca2626955db7025ba8c823fad62b1c3457464631d1be3ea747d23840d1c7ba0d8b66cd3dab0a2271d97492b5819a514c7b4c5f4b4c4b05355976d4ede71492367653976930d95cab4b9dd6066f3c2a9428a4289a7135a77416272ce9443ae55487594ddbfcfb63a20529c96527d5295be10bd738cd722839436861d9179270fc8378782a1c9a43ce3cfa158cb069c6ddcf762b4a80ec844c4f4aa9b616a29a3812168ed038f6409745f52b5a36b70a2ab58980c3859510125c02b769d6a0e38811333eecf8698d529b0e1455cbaaf6b92b0cf13064d5ee5e670e182876fdf46f8e51ce318a84f8c6f3d91868148cf28e5a29a132af3f30cb3ac0a5861ed595d3d9a8dd12565d86c4ad88272f6b677560d00f66f1f6cd77c332728b6aea9d48086cde53e6bc6242615542e6e7d2b701560a4a428a7b09a44cbef2474865d5171a426ed0d481e20e70c9ba54f21751486d27ad7711179a4852b8718a38d4cdf1f0a4fd61e53946a5d3d62adf06ed47142a173942a955ed15a4d0b277d7e1e70852e61e5b5ee9222c90126a97cd29cd0bac18e306ba2bf8328ca2b174d7461a13bcc165e65a7db39a1c4850f38959095959696e90e625a6928ca9c3b63a1ba8ab22976e9a14d3220ee3139673ce0994a004a5e3b2e622b4c2350e0ea3754292aade191af3852af5ec7741a7918c7ad4c610d0bcb529e4d103355368fca195cb4bae61b57e59646433a930ea90b134ea9042186cde249dd485353156d4a09ba147ad752124f943033b8951cf9522872817770818efdd1969c22ba38c65868e7078e830fcecdba9625994de5a950ab51b604951d43b67b2e23d6140ccabf57d21a984d52159a4e60f085cc4abc1a75255ae4b88d970de207610216e3a45f43030ed306e756f1022f08344b70f5ab68b8a7d614129a614aee021a768dc9b6b5a6e0a52f655892421e524bcd0adde713921348409c631047b438f98812c2f255a90a3c0e30633a473d1953463a71d3cb7463d6dda11d3269a616b3eadbad56ae144e712eecf052acf97da4ca2b25bbc57fa7871ac1030c30833ec20aa8abb38c246647b439c38e358b0eab5a950e78c2a9b379bd5d15c73fbc354a9c37ee8d8c4c1bd7128199312aa6d425acd617eab5cd12977e23f480dda2a71b7294f56ca5230c8635bc9ef85dd69c0eff0cc9a356907e224189499aacbae36b43ae9fe26fc62712140b4cb1aba93ed7f662948a8d14d348e11947594746fa6f8008ac12aa210054a89a085497a1d2627284a5cb4df149768f2f7a262d9b41f76dab6b577d731318dd207b022504c2f5afa917dc57152b68fcf44c30aa06a686b5bfd591854c4ab095b0b359a6067fad1cf88df0849be6a764f9c6a413811d804009bcaae42b17e6dc25bcf5606cf7f184869346d3d510f0e92f654a03487aeb8a0973757b616f329419a49fddb1c2bf689c5cc214a44d056b6a7ad5ccf6d61161dbae6bd2e7fc84f529ac1eeaf9c1c60018e8c23798a6422a2bd9192b454c7d21f9d9c712ccab28bcb5c2676d84bb66fa3d9cbd9b5a2dff89ce5ca10cc9ca0434814432c2401011d025ecf6af6d175f0b553ba308b95da3095b744cc326f3477850dd17faaea4dd751ee98136d82abaa187bbc612a4282554389fac3495a76d4ac09df02e5eeaee8a4c30f54627569be3fbc228d3a84956655ba16c49a01dc1c50ba900efe708654a0e5462a27fbdf0b64515aa1426ef135fb41949b6c2927a8bded9e221eb06dc523a6338ca3a32986b88e6349d18c6719c758e8a0ad4c1997f6ec09076eb0dfb336f27359f852701039e8bca200e706e90740428d10ff0057f5f0f08fdacc0fdd97b33a9e03de87957829bbb7c2c62291acc6a1446508ce94c2a21635ab6cdec2e8ddfdd615570280567773e5f384b85dbaae094d216ea995ab81e3d6ca1b4a8248272e30a21342accef30df35d21b758a26d094735d28e6f0778ef18436f2700b4d637e8c0463869c206712762c9ad489cb455754e24e2d323f317e1877c31292ad86a5d9404369e02280d160d527818a8aa4ef077463a3842992a20e685e652adc61c666521336d1b8fa29e7d862d09134548adb265abecd41aa20b0d121e1b6d1386d56a2bca1a994e085e408c527220f61c217b4529a6677414aa8485508571fecaa3527927b7083786af0bc31fef8c3545d157d251b387f78c5d34d9148941bd4f7d0e85d9ae6b2ae24bf2ea230bbed26bcbeb1ba04626b18c52f2bbf46fa4522d4b6558a1bfdca5b9047e611dabc3fc3a75cde2aa6d27de8bc8cbf04bda320ea9b9e970404d765d1c0c3c82932d3cda76db50ea2bed0818072b8a7be26034d29f69eacc2194758ff34279fb74dfb50dbed389718793542c64a19ff482aad544f540aff7be354a414f7655c7ef136e548b92ca57803f68bceaae34c37794a27aa00feb0db8b4942ddf5974eeac2528a96a541beadd7ceed08b4a5da53d3522ad6a509cd69f693e10dbed9ab4b4de4c18ce308ef8ce3287a615409690566bc84484babf30a029cc3351da5799fc05e945a5a9af8ba8be47ef1a87c74599f717bfb0effc1ac65f5c9cf378b2fb7b8f3e2225516ea5ab3279268ccf338cbba781f76bc0c388932995b7e4961e610a3ed0f9a142a2bce05b5e8db4172d34abd3d63bcab975cf68a0fb2aa8cb23059329352cade1e6eea863ff00ec3b44a958d7057844ddd45e42d49956c914d615ad29a8f38764457a036b066d47f89bc363c898fd9b23784d383d63c0612c9f7bf57010ccacbded5b629551a93cc9de74da361ba3d4b4ad7489af59a5663fc2af9c5308c239465a3130b680c5c5a11957acb02108de1b2af3a7e1d5ccb6169ddc47640363ceb53ac7b4c4d7587618487ac069c7abb5ab78814df4cf18d5cd7a3de904a269f99d1efa7ca121d9ae8c57d5130da91f311d1d56a482f729b2b8b92968ca353093b05b98179be42b903c23f6acaa3a5493cafdf1b6b1a2bf9891f310dcc49ba971b7115052aa7f79c29d7c36da094f58d2912e75813664839ae5bd4aa0b992477675812364ca02d91ac7a797f949af0f7d506f3b7535aadd7978a8f1262f4bcccbbe9e2db81514b42d0625d7fcbcd67b86309459d63db53cdfb4e9675291fe7a56246714dcdd976aca93ea679ad5875b3d7485f579e70cce4b38975875014dad3bc4611c638c6fd166a13917ca978fba827e748985ef4a528fafd7f071d38e8015b5c8c7e5a13dd179d954be546896d2d052966350a535fb54cbadd434ca688971c879577c4bcf265d96661c47ad52134048ccf94201437ab72695756e9ba96d91bcd7dedc98b56eb6be80d27552d2b2ec9592135bca206ca41aef89a5d88c4cbedccad2e7ecf71f0944b923d9cf03cb0854cbb3d2c974f550fcb098423e1dafa44cd896dd85674adb4c22f854a82da661bf7d14f945fb2ad6b66c87bff5f5a9f05434a9e9b99b4acd18749b38eadc46fbcb440d62257d20b25ea517805ac7ca163d1eb426ec09951af437937985f71c3c2357e92595ab62f0499f933540dd5520e220635e1199d2d7fdb616af12911ada62ead4af3fb0ff00807a65a3272f4cc2dd15f0803a4bf32a34bbd1e5d4bad7215e309a58b6c352fedbef842027bab5855b56b2a5e4ded5ec875ca2594fbbdbc626262525e6ad870d5569b92cdfab09bb4090e7ba21728969566587435999bc661d0ac765232ef837245c9f7d0aa25c9d5934a7c22137df32b24dfacbad84a1a476a698f7c5a37e6e7c4c4a4cea0dc76951c7878411ebd4a3fc42faaff8c4d4d4beb1d9c92691684a7bebb9b0ea2bf12690d4ccb1d6cbbc80e34bae60c638f6c5b5e8e84a572a4f4cb3d0a34d8575d23b0c3d2e18297129aa5c2386223692bbcf31714e7b35a75abda22c9b45628e3d2c952c73c8fca386814a56b8d627d6dd75faa6db6fb5455486daf71007e1d4198135374af4797a2d7fd3be3f7266464c115abead6afc13844d2676d9b50aaefababb71942bf4a69510e4bf4496969b462a4dd04afe30559c3127ac5cc2d2fa5650d26aac3853ba24dab2e5265f9d945eb28b5d180771738d0c748b7279ff00482d746d9d6d752df209ca13663556ec591487a7120512eafd941871468b4855c6c1c77439aaa24146344d3ce2d058bc92a4ea13866546916dcbbaa254979951ddb4518c1071c338b1e6bac9d7961c1f0b83ef762d6f47eb7bf674e9d557f92eeda3ea2291657a4ec3616b905969e49dedb829e47e7099b95c7589a1031b8ade20ca8b886828a4e3f2896f47e75cd659ef5f6a497eea92701df48c6075a2b0996081725d21f757ceed103cc9ee8ae8c7010b9790bd6b4da7344b9d94f6ab28bd684ea1b687fd2cae0df2aef30ebb6738cbb7bad2ce8a7f955bbbe355684acdc82ab86cde10879131ad2efe4b6849bebe5e3087ad8d5d96c2054242aaf9ed3ba35320b3647a3e051d986b0766a9f17bbce1367d86c225643f9c91b4e1e3fd60af0a01b6af9c4d4f39792fcf3ea74d0d6a321f584f5eb7aa2b8980e66023dd8b1a46fb85a2f74a5d13eeff005316fb8dac16b52d948079915ed83b85dc21ea13b08bf7b8106bf48b326929bacda966a9a52b8adb37d3e44c5450c4f594f75265b28bdee9dc7c6913d63cd29603814120f575a8c0f8c5f7b689a500dd16948b29297999877a3383ac8702afa71ee222cfb4ff008cb6e8f8e0e0c143c604522767f3e9334a293f0a7607ff001d064a490edb3697f2257109fd4ac8452db9a433255a89195aa41fd6acd505b96436cb1b9084d200a13f586c155123359c877c2ba323a3d9a9375d9c7c6c81f0c1459a14b99a51736f8da576708549d16a976b6e694544d7827be350c36a459cdaae1ba9eb91fe987534465402eec810eb49357d72e40a7c4aa7c844ad9f7541b625854713be3115a8d91587554f849e3ba91684c94dd4d9f21b001e457f689d42a9eb6483a36684edc2a2665c505f6143c447a3f6fa13572ce5b132aa635452e2fc898aa6edd22b17b089b986ea0a66113ad5052a1598f10610fcb36bbaa6b655e71683795e99d60503c535c7c62d1b1d66e4acf37d365135c02bdb1022726c7e6045d6c7151c044acaa5b5cc3ec4b0bccb7c40a9af0875a9c9b5597221777a2caab6dded5708d548b29979727d9eb77c15a90a48c89062e1baa49eb61096f56a2a52bd5348ccaa1333e91bb7dc02add9ccfc8f38d58474761ac030d9d86c73e74853eda3d595d1914c5c190f186ace65749b9bdb7dcbbc73fb42186540000759317c2c0aefac3325792181368bc78dc45efbc3ebc41bfe51b742b1550baaf2871bea62155af845b73001d6cc3baa4839915ba3c844a2104d3f652d39fbab4476f08d5acd52a4e512f22f36552cec8a9928cb2a88b2a66b552a5c215da9d93f28dddf1644f374bce21c9651a6fa5e4ffa844bb66a4b0b2d2afe62ee587652271fbb50b5a05dad0e2838f945976bb0a1d2ecc990e28e654d1c17085a06ca85463014d312f32fb2a0eb487b2246ee479c4d3326d2651c72f266e5c8a3a8273ac4c313530a71e969b5346f2b1c32a9ec8752a0752776748075b90dd89c63512e2fcc2a81b40152b30a999a5099f489fc10374b88d6bdac49bdd618f7c225585953b34e6a6b5f67da85ba124cb59c8170530d61cbc042a614a71446091733103646d642906a846a52917625ed943ad74407f7865471addbb51dc635b75684957549876f629236690e288268ddea0dd4ca2c397708da992e29377adab4c49d11d7937c540c2954184a6eeedd08c2b4ce1a69b175289a7d09e7475516ed909ea4ada6b2d7e8700707ce368010f3e149d649bedcca4fe9563e5589e6d2b07a4a35a8a1e187caec32fa1a2fcbeafd6abdb4ad20d3ba8af28b51ab88bdd19588e58c5957a625ef7436eb54fc223f359f386a765a69a91b4da1eae651bfe150f6844f4cdeb39854ca10a584ad468ea7649eae462fa9e9052f79beaff6c05b4ed9a0531ab8aff6c2ed052a45eb4d60dc25c56ada1c06cc2dc52a41c79d3794a2e2bfdb04f489409ad12358ac07f96245cd64996184955dd6aaa547fc3d91abd64a2a61d538eb8ad6aa8493fa7b21b3d2251084fb2952be748054b97a8c2b7c9fa416d0a93ba698951fb42525c9729dc2f9c2bdd0d14f45bd4c36cfda126b2d8d6beb0fda31e8c2b4bf4271f2e51245665ee332ee04a6f1de7b225e61d537eaacf50143bd4b1cb84055e14ca900009c55138d2ae55369be767e255efac3c10309db3d2e2b1f69a553e4af28bdb38c5accecd0cab9bbe1ac59536bc54b6820f7a3ff00ac294167034ac4f26fb8b52a55cc55bf662cbab553d11bc6bf088fffc4002610010002020202020202030100000000000100112131415161718191a1c1b1d1e1f0f110ffda0008010100013f21d17f6c405e2cea1a1f890b1b1b0f150553632f388821cad1d332e6a8b1017cd6234642f71144414d7ea5aed11abee669b1d40a355fb9640a905fb9dd4b9a9e76115e177e659673f306ea1613be1869760e252b4ff0995a13ea8646dc18af692b2e956ecf7c30b41e93309b0bf494be604a43566995e857dc395bee68ac14db1766fb96174af9c4b167f12c3f62dcec17c3897a74188b65342a03257306e42ce965624962fa01fb42007870f8c106552e1443c01f533f0525403035c4a14a50ee63b96c3a4bb5f098d93f427cc519ace72562aa8ddd314a1a1fdb521792fe50f321c3e11c9a85f4ac2e0abad6e26059788235d2eea60163e8c4123a1b8196e64e7e5514626862e608a36370ac5840ac3223404abfac9e476ffb6eae929a9f994b92de58bb2c10f56ba8f0f98109543aead76b7c12541a2e8fef01f1b9955ae4b0a791942ba4db1e7c62a6c5f50ab4b4e20967ae56319cf008295fc102f6d717dc67300d0bafd2d4cf5830cce97067e43b8c66e9972e48e4b52e3e69816d80babe495e21869e26ef93640651c57040086949cb3164827e666b796118b3b97d6c07b0216ca30efd28a7ef2a7312d2eccbda1f82541b835f19c39395e6e3d60538035a79945390b70df51e7f0b5ed1b717294d2d974dd32aafcc762023048357fd629d24b6d2cefd83f13069ccea0dcf19a800563dce8983c11c0deeaf72fcdabbba7b460c9f7dc96b2ed737ccbad6b8aa1c90d2c8bd7846dc4b633d415ba598941e0bce65c4536589d4e61a442a372cb8aba380a7ea2287ad442f1871fd4a6cc06a1768d0f933e6142872b1f41f9e63f7696a6af1b6298500c1e93ceb529b8cdb861729ea23a37e7c397ffc9304d121b3b761a14307282d8901d0a3e5ce63a566e7a22ad2e25ec175cccbd12b7dd483bde5d45872f5600329a70e68d1814bdcc89aad2a533b1ae225515ee775f6a8c6d425d8a97cdce527353a8dbd6950f6cca9ec153c6cea19da4766e697d07388003e0bd4eb0e80f89723f6e66eb43c0db8e2553a56e9bd8dcb2f3ac5a4d40363dad67ef3e486f13db8027915160a4f2507e0ba41e4d831c168cd882cac5936d8df71d190e96159cdc28e3083c0fc4c1939a98b0acba864d1ee654d679b88136fc19b8a5b1f899afc44a2d95980aae0e750ddd17ee7089ce25ddbd2265fd11051499a49d1310f592ff905c5b1774c5cff005a855dcd8d51ac73730ab57a04cdf2e3778dca5c057b8db9db9ab60638bc5c35407a5b52e6c2b32c588331466001c74fb6d9b2c65b1e78e85928a29934130be020f4cc2af45f72eda42a7e65c4a1fb4b27767515f38ccf1989962951bb5e389bab4f92e2bcfa5cb05077e665add298672c93c856156563110d83b5b05cae6798b166a730a56ed73559acc6412bc2e4af2de415d6a000c42b7971df3e798b591aa23904b46820f007297f91019a7bb49fb3981be8847e3fa8b353c8707bea30cb0cd9c5f1e3dc03813b6f43ea5d5d09db0c0d965d56c66160ccc690bfcd299734e9f99c299ad1a8299e55792265963636db128aa898fea6a05ec2b99d797b8252f84c710ec65a963dc7fe40e5f03caa1ee2c0f7755540636eb1748457458c9c9f822786ceb79625efd08af685cfd4e25bbf9aa0637a62df3d0307ee6303aa793c1a6bd9719b136baf14301e094b73970bf8f82ef309a92d04c3f55913939772ef1bad46ad3b4bbbe7ccdb47ca5b61f9cc856c36fee7346eedb96dc239c9a0ce0f88176a9c4ece4862ee95ca5590798dc928b8630adcadc908b07653529ec674ae351e6821f70ef361203932660f5ecdc0c3b28339135307971dcbd1a592a69fc5df980dbe07fc9732d2f590a4f63a7e6a360724c20fe5af70d36f4ca34f4fb09929f48753a79668a5c40a6ab54a1c5e72b2f515dd252d5da862583e60ba1b0e081e3310c201a151af4b28e5bc1462aaee031d7aa83973cf08dab2979993616a2d9c6e080c2f0194aa7abfc0e9c6f098287999c60b7905e3ae042d94be478a637be1d4ca8b9ad2ecf21e95c7cc000bee6f49ecbfe22190eff8432dd5c2f497583302a82e908176a2dda112fea430351a5abfe500c6ca34993c5456f299a86dc94079eaa2599958828b52a065e4e215268b9c8adce98604006f9b817bacc61fc262b7ed370bf065983433cea372f2564505655ef0cdb6ca1c4f11226d022e3b1f111639788dbc8d5412d9aebb96c69c05a2cd6738ad44f666d002c7a52b00cb0ce20c0c22deb2ea549bc348d5720fc5118461ec3d0006837dddcac9fe916b4ff7531968c1f1fdc488025a6abbdec7ccb81b3564fcc22035d76bfa3c12fad6ae859d5f99516160e15e4c3d1d959892a53403c90e8ccbb00285b2dd76b6ce813c4d8286b33c0895ce7a252e0c43c144542376e262a384639961a64bd939502ae899938e3515632f30435989b1a735d45c5637a4f16269a0e203ea3736040165ba1642ac60ea754a8d26b75758adea727d4c69620e6b8e5b80e5d9d6ac82ba766707b80176be435184d195ab10f8fe32a1ec8b5ce180fcdc41d9206a8435e6f0464417468f6c2daba0837bac9d9c9f96650cac434cd6b060ae2678eb6a5fccdac260ced994345652d765af133dc18a51abbbdcce29fbf3028128f98d6a39566a071f2ee2c73cc2ec209c6275c02b1fb5d0405479129ea2341d3b81c83895ca533ebaf0a4e1c06cecbb988600d53b77c798450ad0b315b9569c9868c4e5b306fe3f73480132ca3f39e5a830c368aaa6f34887564a6404376ba1ad755713befc4d0b1abe88ce78d65ca3cee6290c732a94784822e1ae5382e83528de194c98c8ea66d6d0b705b6cc78fa994586069438ef986cca7c43b0f250d00e8654f7299d42d8b80595bac47a56633a77c03c88adbf5ae2b1888cb4cf174feb732a45a228cec7b1bc6e363f28597fc5f04ed05afb2531cbb39c30d862de001fa8e4e396ae1011fe9ee01ca48aca1c1481c1ae8879c31e256c2a562b47519f9ac3939797555ad4aae8f1e1d6b7ed29cb081000fcccd577380e764b12e5f898b718f311b85b94b4dc6646a9f9aa2232d783714047ad02a0e97996b4ce909dbd449c21861cf9fe3c31bbca7aaa349aeaf7ea3fdbce5587f253e22877287d3e9147e259b2c1ab3fcdae879982d0aaef407f1f994d048728a6eae2c9a4a3f6b94831856155fe8e228ce03b8d9a11ad79f32e3046b9e2caf6b70971e3c911157a4b1c467f11d587d11a8adbeafa40e0bef7c3325b0e71043e425b79a96dba4c45bf24d0a01e72e567ea6186cf53a9671057cc97725c5d060c70741cae820bc95a9175e561f8cae2b02bc5603dc5a4ae74fc4c6fe598a6983152c550315c799a4e07ec3d194e0662647734ea01bba88f193128362cca51400d85c288600c1dddf7ee6153b3c1a8b541be34bc99e5f50cb0dccd3c6e10e5333026cdac6823f57ca176ac6722b028a60f550b032e8d5c49b430fbe70ef90d932597321db376d54c557c4cab4993bb068a965e72830a0ace0dc2c396efa953f08806aaa761ed621cb6c502b9c09b531505ed544c5cbbae27636c478daaf033f2cbe196ea8d1bf54f1cc162244e037f5360ea544de7ef301244245c05b566867495a83d508d9a66d4e77af5088d88fabede22354113766cdbc07e65e802d83c2bf3f519ce5bb74632f329f755fd861e63380ff0dc8d4c24bd792cc9fa8efa0ec9acb12327c4692bb6a61b56679986921eee19c9dae06816a34e9f4da9e64a6b4782695c53d12860306a542041742fca6dec4e0b3ed1969173c17af7b2085bdfdbe05793dc07ec706a0a3b698ca1c5da0f640af5159f423033fefb894c8018c8bafe495ad78c0f0cff002307f6a94d5710d27786097f3fe138e6312b3b60d6d8c3ec8e552e9b775c801d9235d42a70a379a82182b01ab8299dc5a885f2b6186c88d7061066c03dac01b677957f20f4838e8958b2556aa81c3c7987daf97678660c74dc36cb5834626b069718bed8f04c3974559dde39327475647d5245d7400b40f83a106ff6dfa56f4dd238d430e5870dbcfccaf4f9f04b67d4296410babc0c7c257e6a2976e5d9fa4ce782d87307cd54a8c60e5051ee0bf72f99889143885eeff505702d7b1250b62a5685e1f3104a188b2b4f0974fe9289015e3708fe8bc667f52a605b1d8df74280435007cc782476f427f912f2cf1763f1846abccb57d4d92de38d91683a7bc8cbaaa73f8654ce0e9d4a640ec9c54f2dfb42300496cacfebc9e44c3f3650b91768ef23130e109282c3875b266f5b5657f007f29823f6860b51c3f140e597076de49b7fa9cea135892dfca328e5666e562b67230381dc4f7f214fa4b7211c473dc746d1f0dc308650d712f6193cc646683c09e3aa583e6fa2187fe0593307133dc72d2f6b867048e4f0717da4a4a41dd0327b28f129d69a6c842b9f3d47b76c575ce3b22c47a5b9d5230fdaba7b0ba5340ce8c69c12680d0de0a2f0c4d10490b0459581e6eb1700e1d852323abbd0d4b008dac74c76d5f472c6d0c6fd8e5f31a803484bf8660ddd897d4b97d4ad8fc3ec6af92a0a58c6e09b63453b11609916217f71c0e0752b948d49f180add5a9572eb706ed65c023d40d2b77fbfd5ff879666606a3986e29928d1ba831206ea118614ec63983bc02b061fbe094d538741b1d5be4ca2dd2267f3c328efcf0c38322aff31788def052d9f40058b370122860d6b8ba2d6e65e93d38af42941d81ed65b7d22634331c62d5a3062bf25f78bbefee73cbca25f01f58c46c2c635979c59eda1dcd8d7e8f0f3a7dae03afe68169882eb5f510b8052d1af719d8b75030ccb5bcd4e1dc0757fa86769cbde87e0ffcaccbe2592e3de3866282dc14fb5c38ebbcabe0156e9cc0827af7ed5774016ac1bb4eaf7059e58b1fa8018ae8d82c02c7e7899839ada2a560e70d94ac405d3c88080dd46bc4ad985296f160916f227310a18db38aea5c16b6efe6dc765445b6b2f9027dd30f20bf802cf99e12dd2ee57f3aa11ffa37861782174ac82b3fe48099ced02d6bc2e89ea1a0e8f16a2c2ff19a31c414bc0d0b6a582a652eeb1fb801e723e808e935e61de61c7db1f9c6468585b9adf912b19cac05f83e16cbfb2e07709aff0024a0f9a3f2240efbfa991c350195517781f708a65659501f203bee25a5425b58fe19fa9b3ed1229118ae6bdce0e8b834bae2e00697a72470dcd418316250ef172fda2836258ef046b46a929af11a82a4c56b67e30f59c2ff00ceaafe2949d2f04368fef7153301d34b1ac185bebf8499517572879e4ee66cb8ab3876d05f352b022a0d8d256da7c46f7d3a3e5623e0206616a00b5789730d413deeb07cb32afade4b36baebb3d40793005dbb4f397184a33bb52cf9d98df701915f00286c7c89925e1a0ce13aeff888deba87ecdf276e5ea141ab763cc25a79fc513046e5dd455dbb966fca3b7fc31802e18a19c8cc358476544751eee62d6d718e2e0cabe12e09d308f71c2a3cc288741e843f22530f232359e676e973ca91954394be5f8c2f88925ca5b28e3a1af04c363d77d5a1dca9d6b6bfdd21b98a8c2257eae5fcceb71008317884914f3eb4f193f30c789b85eeec45ff00bbcca30162f9229f18264c1d90036eb151e180857f5d772b139043ad37c936fbd45fba73ae3b35312b302dd8cd5e8888598635c79ed4a7536e8856235e0551dee0380d6f0a073ea2146dabbab4ddc29a2a5334193ed658c94ba1af1f3f889e1a321a6edbe92b38e52722e2a4815dcd6ef9afdcb559c2ef98f920766ec3f703317d9608dffa89c9999391372aa047572f402ae52cdc241452e50b71864f0fcc5daf4011ab97fd4c52c27447ef75e25f97501ef2965f41db9ba940452827d94bdcb5cb2f44e715fccc242ab3cb94edf7331b1c1356f52d6eb4cb4bc1f8987ba32f58fd11b99095d74a61d0cd4ae35ac36f6a06e945c5da8f10e55b7114119ebe08bd3907cb08ec903158abd712a06bb7f808665d22e028f79fb31909d5e07853f38965bc60e8b79635cc3d8c2ead5c7c171135ba7328d7dceddfb87034abd4242eecdff08b350da36606162166488e9ef04cc269bc98e7e60385e9e8433936127eef07b876dc4f26c47942b1082a8efbabc7dcaec15ba6de9c6e142a57a692c81afe676b4793470663e6094eb367e621c6fa55fc84b1ee311d17a296d90246d0a56723fe905ff4ea6b9afea09622d8bf1f75fd772ee2c018c2d5ac65cee507898c9d935beafcc10a43b52bef3d772ee0968abda2ef1bbc6e3de46f5657fef33cace0215cdfe26458bb964b950e70c14061542f79aa8422eeccbd71752b583d8e5a799dd57a502afe561a9558d332339cd1f306c878ae59ba145d2243701ca876f79eb01847a2e40cd2bce604d5f668a2879b417187be23fe898fec0d007ec97e7ed7809672d828299e2357cfb2f9b331b95adaff0049519b156be152f9cf52ae9aa36077c01393f31168ba7b3a87e3554abdd7196d86299202dbe65fb947f58f081ceb809ea32067ab09fad03e23c668780df8035c4f3c574bf063c4bc8ffdc537c31b06e1f1261945865c500855fcfe319c3c053018a75cca424411b07304692d6068b8b0687596bafc29533dd1f923f83c9df7378aae8943f1f8ce7081c4e0eb91cdc260a72fa8dcef573084ae716f9cefd863c4ab594b761a8270834e165baf31d41995bfc53fffda000c03010002000300000010590df7cb34bf8a7f5658b3cf29195b1722c741c5fc6c198dc47a115708dec037da33cb6d210f491fd9842881fdc71112f861044adf07f550b40a168f934085e23e59f7372e288d1fad21db3c9c22feb8bd30baba3183db8974c1c6543b125c239c7ec2bde3a368c79e4af6306324a157364c0dd8d3607c8a5747a2f8eb61831c3c3a02a29f4443914343dcbd804a23b0542f5584fc0de77bea82fcab8fef2c17a6e1da954a34022a33ffc40025110101010100010303050101000000000001001121314151611071b18191a1c1f0e1f1ffda0008010301013f104ec375382ce100b2f3207994f1009616ec1de79d61e6772c4f19368b02c9e66808401ef587ae1bc37bf7d806923247a49b3e5927d03e867e2cdeb682e0dbe26c59080fbf257303ef19e5fd3fec65764b2f39beb3e895b09df4b3b2e8c5adb4337f9180761bd93756403e9c877b643bfbc3ccc97b396097096b87ac06ba44188b3b7da03ce1752bf6bc2f4ec0f10b4f5fef61082c8be0b486afa4080d497319fa2a7b3fd330b86fe58ff75f3fb7cc81125a319969edf46724f6974655fe84fcad8f3173b1af109d3a29dbd6d063c67d01673e99ed647767e1e2061b44e1fee4865c8f09068579bae7fbde3cfc3cc47486d99e63b7c568b1aac8eab7bb69629646605696df613bb3e6787ba88716463b2afb122750b182db0bd4828f240b071796c19478e5b18ac9d2c764cb7b6f32b1ed347f8829ee9f46f084a08e321e93db25aac73e98dbbd1909c448b0472d873779b3e80fddf7883a0ce379b5ddacfb3de4ce5820d600f07f330e14f7f338e47c7a6fe9fdc2f1b3c1f5bf89f03cb113acdfcce27a7274c74bb4f9b666fa9ffb2bbe2d00979c0b94324f06bf8fbcbf4d7f13fb9661f2f2c1c971f66da007c4127d18c8ef9b0ff321c79159d3cdd01b1bd9c8e3c2bebed0a87fdf33137ff0ff00acc6c560ece60774917c9c90cf46d03ed100be7fa80207cdbfe6dfffc4002611010002020102060301010000000000000100112131415161718191a1b1f0c1d1e110f1ffda0008010201013f1021913d22aa6569b2248c50f48a0a4990b818188d08bbc446dd21cb331ff3ca3db190a97a0712825e8a01b635588a9468815607bc0551d3151eb330216caca677358add5556bbcef902a753a8f8a8026625a1d0fe4a14e65aacdf3f128d97ec0dfbe236b8ba3fc8fb2f1104ef39830f696212fd080692139605c1406530b39f1b8243184ec72f8cc73fe33c112ca2d825ab3df215332bb3fcbb5ca12a2e6d89a58e2ab82969a3a4cad31e3363129e0b76fcc6f1b18516844a363d2546a4b244089395ab4707794ca8c5b182efefda68d0cc3c1ea6236ece3acb1341c112d212c06a73253aca8cce60f0ee549bc7076e6efbc06aef5d330491260b68303577ed2c6293315b709cc68512a5beb0a94cfc45d599637f5a97b109daddf27a411339438768f78eb4639dc526e48045bf78868855a8b94af58508043836f69566827188d46636ee7680151985139ffc6387bcf488f48ae8c918370f68d9b83a8768cb960ed655002a2102c8487ed1a8a994732647a260263863e50e6a39573b51c3e5982962415b9b817155e62bb14f48763869ebe3dc9a138212a884052d4df1e32c95c47099df843de60209640886894b6c2334ef987dca35d2711e210f12f9dc1ba8b204aef9e632704bea65a868bfc435b6224d0460969e47ac6cde07a6bd73019b265cdd79e7d2508147bff220a35f2e631df71139e6be2339977f7de12b4e7c18b435b20868e7ef7857425c26f0796e5643e0f5fd7acc0563a710c968f77c2275fe4f1826860fab2f4e8cc472a3c43b1eb0ecea4637a4880e2649cd5410761e7c43a3380cf3711f57f39845567075639759fb83b40ae4fcbfc9705907c7388b758d38fb50800c81f31ee7689439cfacbae02fbc527a4b11ffc4002510010100030002020105010101000000000111002131415161718191a1b1e1f0c1d1f1ffda0008010100013f10b2ec200edaddbc87fdc3815d061af3fbe700f9148be9d6145428352f89d3c3f19299d45db6f7358d03d5d24f2fbc4954bd9af8fef2c491b46cf53e0c5b77c82bf0185546af8a9ea79c75291a9dfbf6994961d78b37df7bc9a3874536f25e645a826b0cff00af9c0d021b45d2f9c310ceede57172d704fc7179fbe4002a25478dff00796a28b0135f397c9018ab5aeef033480e1fe78c44d7566c9ac36d8e812bafda63ed18e8fe8bfef38e30216a4a860edc49c325a3c863e13bcf95e3a71a51f88602c0b3440bf005d620809390c3200737a23f3bcee40f2f3e13f1945ed3c4bae1a7019107a1d5b4fe32af5484a0ff00ee520a43d9f1339a8bd1d7f38e70d9002ef0f8c08bd42387aff3dc0a92c2a6b9abe7087f2a3538f9ca1540046bccdc1907c0bcc032679572d2e5e75be65196fe6b815fadcd314f55efcfc632100379a7e0fbc06dea4da618013a1e40f07bc5b2b641bbe799b28dc922651004e8572f44bb3f7fe711681f624ff1840a81587615f5804c741f60f3006a1ac6f8641122992b163200c181a1d023a0faf18cee3b750c296a2204efafd7d65a8f6a1ecb6ffbce4252f003e37bc2fb7154734bbfc65421d5ff000ff18f1b4d96a3e6e02021549e2fd79300714ebcf6f83ef18564289deb3970548f6814f870a8e37aec3c4b30a12813dc2f26fae46e3a66163d09f1580391d29b4766c0a89656556dcbe7dbeec775a9582b40dad58a29c09ee86f6e374b3174f003a2fb7d1bd125cd4c8531ef63b92b8123916446a1e6f9fade2c02e8ad6b3709cd3931ea2836881f79e9e5f31edf662c357bb7f1dcd80f1c71f2d9834808dd26201748285ea63d71388d2d3a41ad982441a210fb9cf282ee390628d301f4cecfbc8406822fea636b0400a1effbef0ba080dab5ff00dc03cf83d9a07ff713c1b9bbf5bca3a231beecb8d8c221d1e344f8c06f40142f15b1fbee08789022eda311b0d0ae08731e8fa3302300f9f5c7c0dee6ef37c89b488dccab05128a2d4b2aa57b8b4f4839de44b1d9cf8cddefd58ea836154d72ef35260b60c46c00908b1f5a85541b1d015f21a0730e36fcc02a5b532796b4e32f462766dd1f97c52ca82c49684c3d5bdf39b16e347186f244d89767bb996a69476ff7915a8781b72da4dbf4187a3e2bdf091fbd977e721e38971a7ab292ab6dca20b3c15a6efe31743bf390b893434a77e702086c3612f1fdb7e72401582019a0ebe30afab66735f1dcaf5012d89b5deb0982e800d4c2aec29397b8784dd5a3a3e261b0227e29737dcefa279b003b04aecc2dff008a6c835b3a1b261eb12d2792771764ecf0e59ac2db4b7d20498242cc1bd694f539ebb8961d115b0163504f0f18c45c92b8672c408d5dba5c6ab2824b02e48aa10d9868c9d2071db7d415d108a0991bec4323b200a84fd9aa32901cd115defb9f3f189011b078e6b042d0d0be75e7ef167f569e7e31dfc868f36fbc43656818eb732c853af22f9d62eba81f477f37ce0489b7e700d7be1f0f7e73cb5103b3c3fe3286ef80bc26f10094d9f87ce3dc88c047b39bde264989cbaf8d7aca110daf25ff00384d81a0dd869feb272a3bb451fda75503a6695a1a9c551da1520e2674c700b0a69d06fa0a97228db569aa027d11e18768a5d4dd2083e04a04a221f86e448203b46e41c5b1326f050a2b3e27a46d88c853429b00f25dbbde3931965045daf2d92e450b1f13a4fc077acaf6a6eec4861a3001b8552848617ef3d756c13fd72a9c1a5347c7d62a7c253d3e32ab3ec14d330a30e372ef7a3fdbc81a1a3104f5aeb8a84006bc3fce2ca8c458d3fa99c03b8dd476a8014ca9416fcf0dfc7d64d105573f379fd6580a222093aff586c00011cde5ab83517d7afbc236a4a0d1bc55e05af3eb2b826619353500be9e88b0bceb0fa569a03cdafc72c089e8e9e7f639a0e2e3f8a42040503c410a326d624c210a04ac1fed6f1129387e11e7b7f8c4946a3f73b17f5ff1841d9bb0d878276bdbe72e20a9e4a30f17f19e23700078defebe70f474a755b02820354508e45e8879141f5a664550ff0050fac14429226cc25013a94a980436851e0ff5cf33b988606681d153ce4e63245d49b5fd7eb1cdabc07ab58cb6c2eaf3042327ab5f39b06e550237f5ce4235153f9d60d65246ab94fbb9db37ca93d93085a7721b728588b0459cee222b4015e16e290b6e5c23ce87503ae2011229ca83a64b6477388f3f541929104834aac0460998651ada553d4ad2e4145b7cd4f6ec2e5e9574748f3e4fb31fb60905ac55277e71761b4483652791b779d4a21e959773f70e2e03a9ad6e852c279bb395b5e310ed1b0bbe3db19222b2d677d24f898a36837eef8c0e97f61fd610a406e06f5dc947cca5c2f9653e937fce0081524d475ff093e701ba388549ff00dfbc40da752af63ef156f2ff00bc6311b1f6e3b5f7fc65c08108e95fcf8ca48ab7dc1f9f8cbd109eb6f195fc5c93020049e3de159e6917bf38b64744822b79de61040bc5f8c2a37d405cfe5a0f28c12b6db42608351d19358332155240806c16056fc65e04a54791b7846b7e7116d3714d73c553de6ddb21a9c26ae917581ccf0169bd1d40f9e9cc0156b22f829b7d3860c4c66412803440091a1d6e971262686b889005e65416cb846a8a575652b4ce951af3b7110919bc8b71e54f383c76d16fe302ac8143e75ffcc024746afe991dd23aab93c26691b1a6c6e21e2a0cd0f5dc57633674fb706d7ca85b39d65c5d3bdf731c4ca1f212797db70b81afa773a648e002969b3e72d23ae0e403f9c92002b0d373dffb58049b126df582a5961ae68f5f9c200d4a0cfdf5eb044a8c4c5a0ab37bb6a9711f44c8173544113a5c3cc608120b0b40811d8e27628a900c606bf58be709b9d81515ecb13eb0f9236b4060b0393cfc327e3c676466f0abb5dfa3345ef93eeaf56f62d3a6b2508961312bc564ef68c5ddd8b8068f21b8a7db137d7cab09a2b05215e173897503ca094ae9108e65b424dbce6cff00982444e727dfed91c18ac5c714a24870b88d201b57ce3f0c249e3141fb1ef2434ad33bdf9c2641e44721010493e7f5702a89aa1d7f7ee4800d8f807c7acd440067877028123728f9f13272d2b6ba3e72d22e8e877378debbbdaa1aa0b951550518629f1649148284bb262517e061fa24f0290621ea220612fd6f1dc523a05c093349421a48f6f93e0d4669a5101144f84c8b614403a2b40a29f9c5130a4155a304e91f3ac6f7a498f301086878856ce842b7c41d2244dd9ac65418994e1e6320796ccd7247504dfb3b2480ea2c490744d519bb8bd39590f8770ee2ea5019b8fd605d4a767961c815377f6f591f4bd15fc1bc5b736d153dcdef2c18e0667cc6623b226843ecc776354991169ba7662bd0db19b76ff19b91fa4f1bf9deb06a47ce7fdac314c2204f8efa9fc61b86d50d7f2cdaf21fa6125821a53bcb806f279db7a4850164a1763bcb041e4a10c032bb432b980a8802cc8890dc18ac13637b1db2868399092ce6cd1143ecd16a5549094689b5639d6d081569b0c83899b3cc49d0ee4291ea1d2e3121dd47d9112816550239b51954ed74143d8f7af18deb5ac22c3b6300d912000fba81bab37b9bf9a7472c281dad7a76716fdf7785202e4c61b544406a7f79b0619bda4f3f26314929e7c9fe98b3646925b883643c4b80d37baddf33404dab63f1be60a0edf238c509141e3150915b35adb83399ed436937e7c68aef08e8282343b020f83193467826cfe7b8962a11baaf7fdf78565d1b505f73e71fd69309a5244dc66238d91849110b004e4ce648e84eb0880713ecc43e446b539e845748b8e6f8b823d02ab90a11b40a444894d01af87f7c314422fa09a77d8fd653055aa21d52ecfac513aa2510251b6fdbec614747998d808068b4a4b8d0f901145522952155c1a3c5004ce0a6c510f98ce15f89a1dba43fb47c6adac0a28ba6cfd3033c30bc3240f3ac9a1c21e14483c9ff0070e905e77dc040901d9ff99bde3453d99b117c47a6500de11abef3ad09e2642c4a0d07fdc095bed9f95eff0018cb9004588ff9c6a39400a7bb701d2891f2f3fee6432374bb7ff303d488b67bcc763d6b44683da80daa07715ab45a6d0eb1cc155d833617d210e88df9cbc4f85c05b21007504188aecca6410c3082af8f79af94155215b59b9f1f18a2f7543c2a6feb29583552cd15e947f44c2b621243a0f154141db0943c908d93451c7d86e4b1cde09742d585d9279c3a6b7c135c2022f1535acd8ac5f8281e553a747c1922f1d303210404109ae7fe64fb50e63956959a2b5c6854d6fcff00e62029211b30eb0d8215fce2db3d22ef35d259a728012440ab7f6378406d115fc32f149f406462f8cd636c6d77e3f18db5e6965f4cee4828c010d0ef372f0dcf01541221757279c64dd299540d79496188d95a687a44e4d66e2228d874dc028e7e4dcea3080be97212a06de6133a802170bbdde5f8324c0da5000d0e8ae8af712cdcc1d49bb3ef2a50188d7ad803cb9a5ba80a471534844a66d8b25ba1083cbe305d971be604022099798009bcc45af9280a5582020080800c828c9a0e4068ad60279db9340f5479bc80074c8993500355ee0227c804b48bfce09a92f8e334dac02828bb304008341dde5f7bf35de719a32bc1cd07eb863a205f43c57283220487c077158e9a20f44f389f6e38a2aec0016ac379c35209a8e2d6c64334e1126f432e824e1ac7364cddd0eb688780503e061aa2ba0f9c68d31616673cc2f3c9bde18f0642d8f20017005f91e778d417d010b53d4e4c2a0142b055505b2cc45f20c6f45580549dc1387556a1575fdbe032e0089d14247c0f76a53043106a89bd2547cbf7860141e6c643c35ef8f9c580f80403268553e21b7214886a03b0d4529c5098d85c146406250f6507486227883a1f4e2140743d7ce145c4dc67e704413e2e4510bb2a7d6b07501c07cfdf703050f09f95e3c7c64a8234990a501e1137e0bcc700a68df30e7aca85a8540cf5ff0098d1d4ed0e036a80dab0c3ab8d27b9207815ad412a9422e9b9a155794fde46558642714a3e0127ce58304069cd6bd62a7753b2893f0663053336647f1a24f73796224b0f189e07a7e9e31610d0694605d50f04669c73ad26c572ee3174c9e0c74d4a4eb06866dc8927ac0a0866c3926b52bbfb7128908f0a24d0cd281b6cca80588695ac8b6c4af8d62b0ba730824413d5ecc205e01a0456fa2cf607318c6af982a79f02fb5718da5c5a54f87c2528a656274459a47c3399db1708b347db72a26a556e8ca15a2aae97f192dda9b777927484f2f9beb0b69a8bc6f97ce3740f2fbc4102a0a7a6effcc0691a75489bce8980f85f8f184f36db1b230a5820d930c909f0a859fa61554548fc61e34a607e5c04509bed252e57423de5c71febcba8ef9249efdf8688f495135fba5f4dbe5c171a490205e4eb1e5ad2e013021ec27a678a429ba4a3b5526a073e5c601b456c81c8ae0e079c686a9018181d5bc7c3d65fea3002b28a6c51fbcddd08b6fc3094077f80cc153dda69da8b354f2315db49220478040bbd3825fea3f07ed8680bccd1d3dc636a5358e2c8d3b429f237ec62e80a6dd0fe7144baa813d9cfc60140788a65c0044af57818ae1dabdfdf27a553ccee78c5781cbb108d9eff007666d3fdca883701fb2f5819a2fd1602f97cabb555db8ca4616ba07e9d8fc2e5b13a8f2c23e35a7ce103a3394ee69bf01a319d5268869f7bc7dbd372b8d7d267929c718ea9e0724534a07859940997a10b7a23d623c19b5460e7e0140b5057a601ab1384434d113c2bc64243a408f6adb40f0e0bba615c15ec50f80e2961e9d2ad3ccf9dbc7e0401a39b11468f7dde0f4c954642bb6c6866d881f7a7c6420bc50fc65f043b4e21fc0381f300eb37c8b0d04424656e7e0cf741516efef110f68c5fac4a42886bce2574d4067e75cc28869e51ad5ecfdf0275eb98f2020c053b7e705d9acd000f1fae06f301dd2b3c52874309aa700c856c4cf24e44a3b9f01665f6bc3d7c878734066dc75202e8cb214e75ee36440a252240e8b487a512764413281db24bd9df9d3a6c212710075a9ef7bc2ef6f80d54d76a881a51cb66cf4d517a014daa8b84fd63487c75a454537f13102a216453009520af931c8638e9fab47b7557ce004991bb0b28502c9bf831ea249c734dc0c27bb810a78f178f95ace2071e883ed9b99085cdd0ed21bb5f63164cac31906529c4f089931570fc7ce2060514bb192e209575f19654115efeb072aecdff00a648e56d741c7575aa9946c00a888f9c2a74591b537b7af37b026ff5cb609dde23e31a61f2101fd30fc85329110a769d89f20dfc6317047870a19ebbc49ee756f301974a1636b5081245ca9c5e62bda21608a90418e51d20477a12d74086218b44d475722846de7b064a430d196802f595007c6286f943a1292ecdecf582e1f451e6c750336d1a2b49e500da906aa1277755ff00d8128577545365d8438ed27efccf1a24355cab765fe33a28840691e988b3f22a2520d476625898c624781b71d2149a450305b4343cde4ce3b9d2ca875c04eb8f4604204c9e1316045ad22ededdf057197cb408f95edacfa70a3cf4ebeb20e93c9eb256b407ac190abef9853bb355f4077b3ebde076541800786bd3c2be7163d2dd9d00e4d1a74f3710509c363350a50e883850cc0555c440596ccf30a30c5417b1f185d16d48900004400a9638b612d1723492ba6a4128e17fd481c220e905a4a27e3145949808ca0da1dea0e1b91d95607213c32ab0c29fa852a536272770b58b23e8696aa20fa1604000c9f4fbaf90ad1f8ce145a4652743e26d94526f6380d4ab003c1dd619d3820ee8ce695006b8130ee850d8eb689d111c9c03784dbf792302bb7d78fce1bc471e40f870a2a0527311237d0e37fc620c14a558079afe930adbc2ee818f8edfa60dce3e5cd9a0be3051673731a5d0fae992d2ebc18da806bf5c3253605d45d6534758f21ba768ce8cf3cc5bcbe00877e0c1ad94c0d0a36875401540c342048565b2214d80b38671db892491142ee7778233092f1017302a70daf5ef4e00f451c2478c790408c2e015574c00065a6d013a864c697d5473408170f1f9b0c4bc6c09d1c11c35aa1cd177865e18718b620f2b749b506978c74853679b2dd9b5c09ea0b6c808e14a1b905663b97a1376002b542fa4c08726d90c41ee8d304b0d29d4b85cbcf4e2068ee874f184556e2e940fa53c7ef0026545a953dfc1f80c40475fcbe7020af306a707c6009a5992fa7e70ee1bebce03a8536eacf9cdac7c897d157c4c2962c6a1941016c46e65d9221aaecb66400017587e8a4b227786f6e5d14c138bf982df88286c2a576b9cbd605212d21446eb955c1ef42098403a68d4b81b304e441a3c55a18c6e55e2b38d1f41d1a2746c528c00155776977c10f8c02fe6ec6cdbe08db37978d3089a6c60e27844c129004402ba27a8e35f6195c80d23e8f849b7014d0e1b8b5c45077043593f03a257e8607a13f19bf37a5d5dcbb30dba4c22cb559e07639fa13c982e8e562aa00914f3e3d38890c3150017c6dfd60e30587adcfca5c75d3945f7834ed5c35306ff009704d40576403cb9566184788654b4105f1820e13d12361539d595db50cc08102c8ae9daef247286acd5b8cd58bf6cd2b15482c106e105f29bcaf5086e37909292ea9c657cf147269b7d874633bcac39a4f4a636ae77d0895bf4a326574bf2005cd915a1aee40d9dfa6dde4da4948825b01dfc7f07aeef60ae12accdf1f38d7019df5d3e5d77ce234411dc1d761aeeb6e6e818479696da72c19c70d0aa9c77a3c793b8ae81a83c9521081e72ad52667688b12804dec3a241406ea5e037b64c412c053429d0885ef4de7566b2773e003d65eaa340ed1fe7146d10d284c4a9de10071471c7a5da9f9728a24d6cc584acb409d57807bcbf29996d2fbce83d21ac3150ac41006ba0d8bbc80bc6349a8b4b66e9d0d652da032901151aaa7d72d0da695680d165d51f8cb2a9fd2a5587d9bdd8de6d8a5dc410cfb15f28705166886551bd962d6e90501085c3024d6ae3510f8c8117fd4464dd0103cbb98ee3cd3003c14b36ff00cc60f645d9a21e97a98dc98e8097e848ab0d78ca48c3948014511eba3c72c02e41d2ef7dff00cc4eda70230829515e3ef0cf62020340ec0dee0fac8ba1be5b8fc3ac78d0784095df8ce1ae22552e2b12a36caf31139a5eda0f6053abf8ee2a2eebbcb0f56603e7872122ca0c0f3647a1885c0097f6fbc48288230bca9eb363c536b9bc7703ed6c2e3b2021299e30d544acb437ce9b15078e60616bd53c8341dae962600f95502d8c741aefb8e20e048b46d74477bcde21c52bc126aa0a9e37894ad2ef5547eada34db356d46b63b0a0536ea3727360024a5f941b949d72c07e807f443abf06890c9d63713859aaab9273380cb2d587bb71dec9d70d28e225913483108d7a606ca0eb7763cac6f9f965713790c09d0633543e9c58ef42460ad8ee64741ef07b9ae4053b25d5e5fbd810b669174d27d6f2220e6023d7c4dfce4e79a310d008ddff8b80ac1429d23e54c731e281ba8680f7cc4a155ea198d41351dbf1895068408a507b419d4d39b96dcbee3cee212dbbe63962e7e90b78c59f173773cf73f3f1976f733243be6874cc684a00d6fdddb60f38a05c980011c41281c06ae0b7e20014179594eafab355eef642aec3a15b7c3f9c46a3045833581e11ea98c2a073b410aff00e9fa38d81494bb387a076eb1131041db1740148484d6f151b5b1167f03d6875a0b38fb1c21c943c1cf74cbddb1186952287cbbe71859cd0a44e6512ea9c398e68c2363cc156836a49873c2955c43768dbb6987f8164ed33a029bd621dc1386a89a5d82697a11873ce5af2352b82e9b44f15f384a649c449b2e915bdca8c9237886c7e4c6cd0c414403af09a5c53e32dcf2886d8c412ef1fd29d49ab7b16ebbf79d7576740dd7e70b8bb0c28d094165d983329d2520dd9ddf94ec71c2448084c242229b1a6e2475133051bd09e65433b0cfd044fd130568ff006b814497ca0a25cddbcbdb27dad7951970d2870d94c15457c039bc965858a000da72af99ac39e0070407d83be93f17029a14d2d2fa91b75bd0972bccf8f94a94374482e94a4be7998c36204abe175cabc7a9bdd03540402cf4ceefdba0cde1052f22f309f66dc8f78cec56df5808a1dbaa3f7aa2902cc00050b044894b54139e72281658751e000fb1d300fa1b2386b60764604cb0575e11c450d0939bb8750382a2773479e0b8479ed4364fe4f383b79a7b24786d87b7c269af788141e237d3aad7573b4e0d0024b16fac3fc4d403703c52331762aa2130f04d3d29f7879e8069daca1fd61a8e49891c6a8e0e95fc80a63f70e41e6d76bab8d8a08bdf83c03414fd06064fb3deca2f64f43b8194913d6f6fe4b6e0e496812eeffae26eb3194eb3c24d1d464d9a134b104213c11b29b4c86ddc5838db3f1cc4ba4d0210216cb57e32ce61c9550b8ed7a806dc893a245504730f0f7cc41d01180994c574789ef130d231757a392ec5f922676ad045a87dd1ef141be298803a8a961b32c7985325ac745adf90c5f3f0574434050fc77b91eb360037c2a87b668c75a042f4d822d783c6107da1240074a997fa7be8c0b20d6483f171583f9d323da5ad7c6b096bbc04c080074476ea604cd682f18ecbe79eb3b21aa76775effbc86a6155c7404411f9f2c80551da12f8a7fc0d79c182935daa9d5986d8010bb109b897ef385c885e214d1a43cc7e310c762046ad009bf0f8c4a312a01d11baa4d1ac527ec40bdebf2cffd9),
(16, 'KWY', 'KWY@mail.com', 'asd', '0000-00-00', '', 'Male', 0x3520737461722070756c6c2e6a7067),
(19, 'Mobile', 'Dummy@MAIL.COM', 'abc123', '0000-00-00', '', '', 0x6e6572642e706e67),
(20, '123', '123@mail.com', '123asd', '2023-05-15', '123', 'Male', 0x6e6572642e706e67);
COMMIT;

/*!40101 SET CHARACTER_SET_CLIENT=@OLD_CHARACTER_SET_CLIENT */;
/*!40101 SET CHARACTER_SET_RESULTS=@OLD_CHARACTER_SET_RESULTS */;
/*!40101 SET COLLATION_CONNECTION=@OLD_COLLATION_CONNECTION */;
